ID	patient	patient_name	file_name	source	source_id	assay	assay_type	sample_name	organism	Accession	source name	disease	sex	cell_type	treatment	time_point	local_file_name	reference_genome	perturbation_source_value	perturbation_type_source_value	perturbation_start_date	perturbation_dose_value_as_number	perturbation_dose_unit
11	100001	Donor1	Donor1_4hrsControl_Rep1	GEO	GSE60682	ATAC	Sequencing	GSM1484783	Homo sapiens	NA	"human CD4+ T cells, normal donor, control of T cell activation at 4hrs"	healthy	male	CD4+ T cells	control of T cell activation	4hrs	data/GSE60682_RAW/GSM1484783_Donor1_4hrsControl_Rep1.bed.gz	hg19	placebo	activation	4:00:00	0	ug/mL
21	100001	Donor1	Donor1_4hrsControl_Rep2	GEO	GSE60682	ATAC	Sequencing	GSM1484784	Homo sapiens	NA	"human CD4+ T cells, normal donor, control of T cell activation at 4hrs"	healthy	male	CD4+ T cells	control of T cell activation	4hrs	data/GSE60682_RAW/GSM1484784_Donor1_4hrsControl_Rep2.bed.gz	hg19	placebo	activation	4:00:00	0	ug/mL
10	100001	Donor1	Donor1_Day1_Rep1	GEO	GSE60682	ATAC	Sequencing	GSM1484785	Homo sapiens	SAMN03002846	"human CD4+ T cells, normal donor"	healthy	male	CD4+ T cells	NA	Day1	data/GSE60682_RAW/GSM1484785_Donor1_Day1_Rep1.bed.gz	hg19	NA	NA	NA	NA	NA
20	100001	Donor1	Donor1_Day1_Rep2	GEO	GSE60682	ATAC	Sequencing	GSM1484786	Homo sapiens	SAMN03002847	"human CD4+ T cells, normal donor"	healthy	male	CD4+ T cells	NA	Day1	data/GSE60682_RAW/GSM1484786_Donor1_Day1_Rep2.bed.gz	hg19	NA	NA	NA	NA	NA
9	100001	Donor1	Donor1_Day2_Rep1	GEO	GSE60682	ATAC	Sequencing	GSM1484787	Homo sapiens	SAMN03002848	"human CD4+ T cells, normal donor"	healthy	male	CD4+ T cells	NA	Day2	data/GSE60682_RAW/GSM1484787_Donor1_Day2_Rep1.bed.gz	hg19	NA	NA	NA	NA	NA
19	100001	Donor1	Donor1_Day2_Rep2	GEO	GSE60682	ATAC	Sequencing	GSM1484788	Homo sapiens	SAMN03002849	"human CD4+ T cells, normal donor"	healthy	male	CD4+ T cells	NA	Day2	data/GSE60682_RAW/GSM1484788_Donor1_Day2_Rep2.bed.gz	hg19	NA	NA	NA	NA	NA
8	100001	Donor1	Donor1_Day224_Rep1	GEO	GSE60682	ATAC	Sequencing	GSM1484789	Homo sapiens	SAMN03002850	"human CD4+ T cells, normal donor"	healthy	male	CD4+ T cells	NA	Day224	data/GSE60682_RAW/GSM1484789_Donor1_Day224_Rep1.bed.gz	hg19	Phorbol Myristate Acetate	activation	0:00:00	20	ng/mL
18	100001	Donor1	Donor1_Day224_Rep2	GEO	GSE60682	ATAC	Sequencing	GSM1484790	Homo sapiens	SAMN03002851	"human CD4+ T cells, normal donor"	healthy	male	CD4+ T cells	NA	Day224	data/GSE60682_RAW/GSM1484790_Donor1_Day224_Rep2.bed.gz	hg19	Phorbol Myristate Acetate	activation	1:00:00	20	ng/mL
7	100001	Donor1	Donor1_Day37_Rep1	GEO	GSE60682	ATAC	Sequencing	GSM1484791	Homo sapiens	SAMN03002852	"human CD4+ T cells, normal donor"	healthy	male	CD4+ T cells	NA	Day37	data/GSE60682_RAW/GSM1484791_Donor1_Day37_Rep1.bed.gz	hg19	Phorbol Myristate Acetate	activation	2:00:00	20	ng/mL
17	100001	Donor1	Donor1_Day37_Rep2	GEO	GSE60682	ATAC	Sequencing	GSM1484792	Homo sapiens	SAMN03002853	"human CD4+ T cells, normal donor"	healthy	male	CD4+ T cells	NA	Day37	data/GSE60682_RAW/GSM1484792_Donor1_Day37_Rep2.bed.gz	hg19	Phorbol Myristate Acetate	activation	4:00:00	20	ng/mL
6	100001	Donor1	Donor1_Day38_Rep1	GEO	GSE60682	ATAC	Sequencing	GSM1484793	Homo sapiens	SAMN03002854	"human CD4+ T cells, normal donor"	healthy	male	CD4+ T cells	NA	Day38	data/GSE60682_RAW/GSM1484793_Donor1_Day38_Rep1.bed.gz	hg19	placebo	activation	4:00:00	NA	NA
16	100001	Donor1	Donor1_Day38_Rep2	GEO	GSE60682	ATAC	Sequencing	GSM1484794	Homo sapiens	SAMN03002855	"human CD4+ T cells, normal donor"	healthy	male	CD4+ T cells	NA	Day38	data/GSE60682_RAW/GSM1484794_Donor1_Day38_Rep2.bed.gz	hg19	NA	NA	NA	NA	NA
5	100001	Donor1	Donor1_Day39_Rep1	GEO	GSE60682	ATAC	Sequencing	GSM1484795	Homo sapiens	SAMN03002856	"human CD4+ T cells, normal donor"	healthy	male	CD4+ T cells	NA	Day39	data/GSE60682_RAW/GSM1484795_Donor1_Day39_Rep1.bed.gz	hg19	NA	NA	NA	NA	NA
4	100001	Donor1	Donor1_TCA0hrs_Rep1	GEO	GSE60682	ATAC	Sequencing	GSM1484796	Homo sapiens	NA	"human CD4+ T cells, normal donor, T cell activation at 0hrs"	healthy	male	CD4+ T cells	T cell activation	0hrs	data/GSE60682_RAW/GSM1484796_Donor1_TCA0hrs_Rep1.bed.gz	hg19	ionomycin	activation	0:00:00	1	ug/mL
15	100001	Donor1	Donor1_TCA0hrs_Rep2	GEO	GSE60682	ATAC	Sequencing	GSM1484797	Homo sapiens	NA	"human CD4+ T cells, normal donor, T cell activation at 0hrs"	healthy	male	CD4+ T cells	T cell activation	0hrs	data/GSE60682_RAW/GSM1484797_Donor1_TCA0hrs_Rep2.bed.gz	hg19	ionomycin	activation	0:00:00	1	ug/mL
3	100001	Donor1	Donor1_TCA1hrs_Rep1	GEO	GSE60682	ATAC	Sequencing	GSM1484798	Homo sapiens	NA	"human CD4+ T cells, normal donor, T cell activation at 1hrs"	healthy	male	CD4+ T cells	T cell activation	1hrs	data/GSE60682_RAW/GSM1484798_Donor1_TCA1hrs_Rep1.bed.gz	hg19	ionomycin	activation	1:00:00	1	ug/mL
14	100001	Donor1	Donor1_TCA1hrs_Rep2	GEO	GSE60682	ATAC	Sequencing	GSM1484799	Homo sapiens	NA	"human CD4+ T cells, normal donor, T cell activation at 1hrs"	healthy	male	CD4+ T cells	T cell activation	1hrs	data/GSE60682_RAW/GSM1484799_Donor1_TCA1hrs_Rep2.bed.gz	hg19	ionomycin	activation	1:00:00	1	ug/mL
2	100001	Donor1	Donor1_TCA2hrs_Rep1	GEO	GSE60682	ATAC	Sequencing	GSM1484800	Homo sapiens	NA	"human CD4+ T cells, normal donor, T cell activation at 2hrs"	healthy	male	CD4+ T cells	T cell activation	2hrs	data/GSE60682_RAW/GSM1484800_Donor1_TCA2hrs_Rep1.bed.gz	hg19	ionomycin	activation	2:00:00	1	ug/mL
13	100001	Donor1	Donor1_TCA2hrs_Rep2	GEO	GSE60682	ATAC	Sequencing	GSM1484801	Homo sapiens	NA	"human CD4+ T cells, normal donor, T cell activation at 2hrs"	healthy	male	CD4+ T cells	T cell activation	2hrs	data/GSE60682_RAW/GSM1484801_Donor1_TCA2hrs_Rep2.bed.gz	hg19	ionomycin	activation	2:00:00	1	ug/mL
1	100001	Donor1	Donor1_TCA4hrs_Rep1	GEO	GSE60682	ATAC	Sequencing	GSM1484802	Homo sapiens	NA	"human CD4+ T cells, normal donor, T cell activation at 4hrs"	healthy	male	CD4+ T cells	T cell activation	4hrs	data/GSE60682_RAW/GSM1484802_Donor1_TCA4hrs_Rep1.bed.gz	hg19	ionomycin	activation	4:00:00	1	ug/mL
12	100001	Donor1	Donor1_TCA4hrs_Rep2	GEO	GSE60682	ATAC	Sequencing	GSM1484803	Homo sapiens	NA	"human CD4+ T cells, normal donor, T cell activation at 4hrs"	healthy	male	CD4+ T cells	T cell activation	4hrs	data/GSE60682_RAW/GSM1484803_Donor1_TCA4hrs_Rep2.bed.gz	hg19	ionomycin	activation	4:00:00	1	ug/mL
23	100010	Donor10	Donor10_Day224_Rep1	GEO	GSE60682	ATAC	Sequencing	GSM1484804	Homo sapiens	SAMN03002865	"human CD4+ T cells, normal donor"	healthy	male	CD4+ T cells	NA	Day224	data/GSE60682_RAW/GSM1484804_Donor10_Day224_Rep1.bed.gz	hg19	NA	NA	NA	NA	NA
24	100010	Donor10	Donor10_Day224_Rep2	GEO	GSE60682	ATAC	Sequencing	GSM1484805	Homo sapiens	SAMN03002866	"human CD4+ T cells, normal donor"	healthy	male	CD4+ T cells	NA	Day224	data/GSE60682_RAW/GSM1484805_Donor10_Day224_Rep2.bed.gz	hg19	NA	NA	NA	NA	NA
22	100010	Donor10	Donor10_Day38_Rep1	GEO	GSE60682	ATAC	Sequencing	GSM1484806	Homo sapiens	SAMN03002867	"human CD4+ T cells, normal donor"	healthy	male	CD4+ T cells	NA	Day38	data/GSE60682_RAW/GSM1484806_Donor10_Day38_Rep1.bed.gz	hg19	NA	NA	NA	NA	NA
25	100011	Donor11	Donor11_CTCL_Rep1	GEO	GSE60682	ATAC	Sequencing	GSM1484807	Homo sapiens	SAMN03002842	"human CD4+ T cells, patient with CTCL"	cutaneous T cell leukemia (CTCL)	NA	CD4+ T cells	NA	NA	data/GSE60682_RAW/GSM1484807_Donor11_CTCL_Rep1.bed.gz	hg19	NA	NA	NA	NA	NA
26	100011	Donor11	Donor11_CTCL_Rep2	GEO	GSE60682	ATAC	Sequencing	GSM1484808	Homo sapiens	SAMN03002843	"human CD4+ T cells, patient with CTCL"	cutaneous T cell leukemia (CTCL)	NA	CD4+ T cells	NA	NA	data/GSE60682_RAW/GSM1484808_Donor11_CTCL_Rep2.bed.gz	hg19	NA	NA	NA	NA	NA
27	100011	Donor11	Donor11_CTCL_Rep3	GEO	GSE60682	ATAC	Sequencing	GSM1484809	Homo sapiens	SAMN03002811	"human CD4+ T cells, patient with CTCL"	cutaneous T cell leukemia (CTCL)	NA	CD4+ T cells	NA	NA	data/GSE60682_RAW/GSM1484809_Donor11_CTCL_Rep3.bed.gz	hg19	NA	NA	NA	NA	NA
28	100011	Donor11	Donor11_CTCL_Rep4	GEO	GSE60682	ATAC	Sequencing	GSM1484810	Homo sapiens	SAMN03002817	"human CD4+ T cells, patient with CTCL"	cutaneous T cell leukemia (CTCL)	NA	CD4+ T cells	NA	NA	data/GSE60682_RAW/GSM1484810_Donor11_CTCL_Rep4.bed.gz	hg19	NA	NA	NA	NA	NA
29	100011	Donor11	Donor11_CTCL_Rep5	GEO	GSE60682	ATAC	Sequencing	GSM1484811	Homo sapiens	SAMN03002818	"human CD4+ T cells, patient with CTCL"	cutaneous T cell leukemia (CTCL)	NA	CD4+ T cells	NA	NA	data/GSE60682_RAW/GSM1484811_Donor11_CTCL_Rep5.bed.gz	hg19	NA	NA	NA	NA	NA
30	100011	Donor11	Donor11_CTCL_Rep6	GEO	GSE60682	ATAC	Sequencing	GSM1484812	Homo sapiens	SAMN03002819	"human CD4+ T cells, patient with CTCL"	cutaneous T cell leukemia (CTCL)	NA	CD4+ T cells	NA	NA	data/GSE60682_RAW/GSM1484812_Donor11_CTCL_Rep6.bed.gz	hg19	NA	NA	NA	NA	NA
31	100011	Donor11	Donor11_CTCL_Rep7	GEO	GSE60682	ATAC	Sequencing	GSM1484813	Homo sapiens	SAMN03002812	"human CD4+ T cells, patient with CTCL"	cutaneous T cell leukemia (CTCL)	NA	CD4+ T cells	NA	NA	data/GSE60682_RAW/GSM1484813_Donor11_CTCL_Rep7.bed.gz	hg19	NA	NA	NA	NA	NA
33	100002	Donor2	Donor2_Day224_Rep1	GEO	GSE60682	ATAC	Sequencing	GSM1484814	Homo sapiens	SAMN03002813	"human CD4+ T cells, normal donor"	healthy	male	CD4+ T cells	NA	Day224	data/GSE60682_RAW/GSM1484814_Donor2_Day224_Rep1.bed.gz	hg19	NA	NA	NA	NA	NA
34	100002	Donor2	Donor2_Day224_Rep2	GEO	GSE60682	ATAC	Sequencing	GSM1484815	Homo sapiens	SAMN03002814	"human CD4+ T cells, normal donor"	healthy	male	CD4+ T cells	NA	Day224	data/GSE60682_RAW/GSM1484815_Donor2_Day224_Rep2.bed.gz	hg19	NA	NA	NA	NA	NA
32	100002	Donor2	Donor2_Day37_Rep1	GEO	GSE60682	ATAC	Sequencing	GSM1484816	Homo sapiens	SAMN03002815	"human CD4+ T cells, normal donor"	healthy	male	CD4+ T cells	NA	Day37	data/GSE60682_RAW/GSM1484816_Donor2_Day37_Rep1.bed.gz	hg19	NA	NA	NA	NA	NA
35	100012	Donor20	Donor20_CTCL_Rep1	GEO	GSE60682	ATAC	Sequencing	GSM1484817	Homo sapiens	SAMN03002816	"human CD4+ T cells, patient with CTCL"	cutaneous T cell leukemia (CTCL)	NA	CD4+ T cells	NA	NA	data/GSE60682_RAW/GSM1484817_Donor20_CTCL_Rep1.bed.gz	hg19	NA	NA	NA	NA	NA
36	100012	Donor20	Donor20_CTCL_Rep2	GEO	GSE60682	ATAC	Sequencing	GSM1484818	Homo sapiens	SAMN03002820	"human CD4+ T cells, patient with CTCL"	cutaneous T cell leukemia (CTCL)	NA	CD4+ T cells	NA	NA	data/GSE60682_RAW/GSM1484818_Donor20_CTCL_Rep2.bed.gz	hg19	NA	NA	NA	NA	NA
37	100012	Donor20	Donor20_CTCL_Rep3	GEO	GSE60682	ATAC	Sequencing	GSM1484819	Homo sapiens	SAMN03002821	"human CD4+ T cells, patient with CTCL"	cutaneous T cell leukemia (CTCL)	NA	CD4+ T cells	NA	NA	data/GSE60682_RAW/GSM1484819_Donor20_CTCL_Rep3.bed.gz	hg19	NA	NA	NA	NA	NA
38	100012	Donor20	Donor20_CTCL_Rep4	GEO	GSE60682	ATAC	Sequencing	GSM1484820	Homo sapiens	SAMN03002822	"human CD4+ T cells, patient with CTCL"	cutaneous T cell leukemia (CTCL)	NA	CD4+ T cells	NA	NA	data/GSE60682_RAW/GSM1484820_Donor20_CTCL_Rep4.bed.gz	hg19	NA	NA	NA	NA	NA
39	100003	Donor3	Donor3_Day37_Rep1	GEO	GSE60682	ATAC	Sequencing	GSM1484821	Homo sapiens	SAMN03002823	"human CD4+ T cells, normal donor"	healthy	male	CD4+ T cells	NA	Day37	data/GSE60682_RAW/GSM1484821_Donor3_Day37_Rep1.bed.gz	hg19	NA	NA	NA	NA	NA
42	100014	Donor32	Donor32_Day224_Rep1	GEO	GSE60682	ATAC	Sequencing	GSM1484822	Homo sapiens	SAMN03002824	"human CD4+ T cells, normal donor"	healthy	male	CD4+ T cells	NA	Day224	data/GSE60682_RAW/GSM1484822_Donor32_Day224_Rep1.bed.gz	hg19	NA	NA	NA	NA	NA
43	100014	Donor32	Donor32_Day224_Rep2	GEO	GSE60682	ATAC	Sequencing	GSM1484823	Homo sapiens	SAMN03002825	"human CD4+ T cells, normal donor"	healthy	male	CD4+ T cells	NA	Day224	data/GSE60682_RAW/GSM1484823_Donor32_Day224_Rep2.bed.gz	hg19	NA	NA	NA	NA	NA
44	100015	Donor33	Donor33_Day224_Rep1	GEO	GSE60682	ATAC	Sequencing	GSM1484824	Homo sapiens	SAMN03002826	"human CD4+ T cells, normal donor"	healthy	male	CD4+ T cells	NA	Day224	data/GSE60682_RAW/GSM1484824_Donor33_Day224_Rep1.bed.gz	hg19	NA	NA	NA	NA	NA
45	100015	Donor33	Donor33_Day224_Rep2	GEO	GSE60682	ATAC	Sequencing	GSM1484825	Homo sapiens	SAMN03002827	"human CD4+ T cells, normal donor"	healthy	male	CD4+ T cells	NA	Day224	data/GSE60682_RAW/GSM1484825_Donor33_Day224_Rep2.bed.gz	hg19	NA	NA	NA	NA	NA
48	100004	Donor4	Donor4_Day107_Rep1	GEO	GSE60682	ATAC	Sequencing	GSM1484826	Homo sapiens	SAMN03002828	"human CD4+ T cells, normal donor"	healthy	female	CD4+ T cells	NA	Day107	data/GSE60682_RAW/GSM1484826_Donor4_Day107_Rep1.bed.gz	hg19	NA	NA	NA	NA	NA
50	100004	Donor4	Donor4_Day107_Rep2	GEO	GSE60682	ATAC	Sequencing	GSM1484827	Homo sapiens	SAMN03002829	"human CD4+ T cells, normal donor"	healthy	female	CD4+ T cells	NA	Day107	data/GSE60682_RAW/GSM1484827_Donor4_Day107_Rep2.bed.gz	hg19	NA	NA	NA	NA	NA
47	100004	Donor4	Donor4_Day224_Rep1	GEO	GSE60682	ATAC	Sequencing	GSM1484828	Homo sapiens	SAMN03002830	"human CD4+ T cells, normal donor"	healthy	female	CD4+ T cells	NA	Day224	data/GSE60682_RAW/GSM1484828_Donor4_Day224_Rep1.bed.gz	hg19	NA	NA	NA	NA	NA
49	100004	Donor4	Donor4_Day224_Rep2	GEO	GSE60682	ATAC	Sequencing	GSM1484829	Homo sapiens	SAMN03002831	"human CD4+ T cells, normal donor"	healthy	female	CD4+ T cells	NA	Day224	data/GSE60682_RAW/GSM1484829_Donor4_Day224_Rep2.bed.gz	hg19	NA	NA	NA	NA	NA
46	100004	Donor4	Donor4_Day37_Rep1	GEO	GSE60682	ATAC	Sequencing	GSM1484830	Homo sapiens	SAMN03002832	"human CD4+ T cells, normal donor"	healthy	female	CD4+ T cells	NA	Day37	data/GSE60682_RAW/GSM1484830_Donor4_Day37_Rep1.bed.gz	hg19	NA	NA	NA	NA	NA
51	100005	Donor5	Donor5_CTCL_Rep1	GEO	GSE60682	ATAC	Sequencing	GSM1484831	Homo sapiens	SAMN03002833	"human CD4+ T cells, patient with CTCL"	cutaneous T cell leukemia (CTCL)	NA	CD4+ T cells	NA	NA	data/GSE60682_RAW/GSM1484831_Donor5_CTCL_Rep1.bed.gz	hg19	NA	NA	NA	NA	NA
52	100005	Donor5	Donor5_CTCL_Rep2	GEO	GSE60682	ATAC	Sequencing	GSM1484832	Homo sapiens	SAMN03002834	"human CD4+ T cells, patient with CTCL"	cutaneous T cell leukemia (CTCL)	NA	CD4+ T cells	NA	NA	data/GSE60682_RAW/GSM1484832_Donor5_CTCL_Rep2.bed.gz	hg19	NA	NA	NA	NA	NA
53	100005	Donor5	Donor5_CTCL_Rep3	GEO	GSE60682	ATAC	Sequencing	GSM1484833	Homo sapiens	SAMN03002835	"human CD4+ T cells, patient with CTCL"	cutaneous T cell leukemia (CTCL)	NA	CD4+ T cells	NA	NA	data/GSE60682_RAW/GSM1484833_Donor5_CTCL_Rep3.bed.gz	hg19	NA	NA	NA	NA	NA
54	100005	Donor5	Donor5_CTCL_Rep4	GEO	GSE60682	ATAC	Sequencing	GSM1484834	Homo sapiens	SAMN03002836	"human CD4+ T cells, patient with CTCL"	cutaneous T cell leukemia (CTCL)	NA	CD4+ T cells	NA	NA	data/GSE60682_RAW/GSM1484834_Donor5_CTCL_Rep4.bed.gz	hg19	NA	NA	NA	NA	NA
55	100006	Donor6	Donor6_Day38_Rep1	GEO	GSE60682	ATAC	Sequencing	GSM1484835	Homo sapiens	SAMN03002837	"human CD4+ T cells, normal donor"	healthy	NA	CD4+ T cells	NA	Day38	data/GSE60682_RAW/GSM1484835_Donor6_Day38_Rep1.bed.gz	hg19	NA	NA	NA	NA	NA
56	100007	Donor7	Donor7_Day38_Rep1	GEO	GSE60682	ATAC	Sequencing	GSM1484836	Homo sapiens	SAMN03002810	"human CD4+ T cells, normal donor"	healthy	female	CD4+ T cells	NA	Day38	data/GSE60682_RAW/GSM1484836_Donor7_Day38_Rep1.bed.gz	hg19	NA	NA	NA	NA	NA
57	100008	Donor8	Donor8_Day38_Rep1	GEO	GSE60682	ATAC	Sequencing	GSM1484837	Homo sapiens	SAMN03002838	"human CD4+ T cells, normal donor"	healthy	female	CD4+ T cells	NA	Day38	data/GSE60682_RAW/GSM1484837_Donor8_Day38_Rep1.bed.gz	hg19	NA	NA	NA	NA	NA
58	100009	Donor9	Donor9_Day38_Rep1	GEO	GSE60682	ATAC	Sequencing	GSM1484838	Homo sapiens	SAMN03002839	"human CD4+ T cells, normal donor"	healthy	female	CD4+ T cells	NA	Day38	data/GSE60682_RAW/GSM1484838_Donor9_Day38_Rep1.bed.gz	hg19	NA	NA	NA	NA	NA
40	100013	Donor31	Donor31_Day192_Rep1	GEO	GSE60682	ATAC	Sequencing	GSM1484839	Homo sapiens	SAMN03002840	"human CD4+ T cells, normal donor"	healthy	male	CD4+ T cells	NA	Day192	data/GSE60682_RAW/GSM1484839_Donor31_Day192_Rep1.bed.gz	hg19	NA	NA	NA	NA	NA
41	100013	Donor31	Donor31_Day192_Rep2	GEO	GSE60682	ATAC	Sequencing	GSM1484840	Homo sapiens	SAMN03002841	"human CD4+ T cells, normal donor"	healthy	male	CD4+ T cells	NA	Day192	data/GSE60682_RAW/GSM1484840_Donor31_Day192_Rep2.bed.gz	hg19	NA	NA	NA	NA	NA
